model,split,water_iou,precision,recall,error_px,error_share_near_edge,recall_small_bodies,recall_large_bodies
unet_scratch,test,0.8233942107067851,0.914775925144224,0.8918051160106325,490841,0.6496727046029163,0.6811229878012888,0.9185232512185483
unet_imagenet,test,0.8124069133657913,0.8919715260153203,0.9010646891918908,533916,0.6396174679163015,0.6897136782767372,0.9278676502876213
prithvi_frozen,test,0.6989536704740528,0.8206951578085455,0.8249254413602582,911745,0.6287152657815508,0.3852618238856514,0.880682387037281
prithvi_lora,test,0.7783341656799095,0.8919116329653058,0.8593960253318166,628058,0.7712297271908009,0.47788961949577735,0.907777631405612
prithvi_full,test,0.7784897149650676,0.9050727474785215,0.8477055267894755,618956,0.7715007205681825,0.4315497522515504,0.900481271681377
prithvi_lora_unetdec,test,0.7902129918761062,0.8935172434713817,0.8723651173511877,594301,0.793034169553812,0.45547626220130816,0.9252338295349757
unet_scratch,bolivia,0.7498522616852084,0.8844396001253702,0.8312990256428295,126142,0.5872033105547716,0.5057407448533168,0.8670684543779814
unet_imagenet,bolivia,0.7887164856918285,0.870605978161907,0.8934494706109958,108867,0.6210973022127918,0.5748073463767794,0.9284590139934363
prithvi_frozen,bolivia,0.5267890693385868,0.9777109477987092,0.5331923388089627,217863,0.5193355457328688,0.035266161806835596,0.5879000085400222
prithvi_lora,bolivia,0.7247900070840984,0.9228954635108482,0.7715075275247106,133252,0.6760198721219944,0.253503297874703,0.8284211938951042
prithvi_full,bolivia,0.6371596964074313,0.9504308568312525,0.6590607302402476,170716,0.5549274818997634,0.22678718159408381,0.7065550770432003
prithvi_lora_unetdec,bolivia,0.7718545850589036,0.866904204285254,0.8756177670688382,117726,0.724249528566332,0.40869217615314574,0.926919369990362
