split,chip,water_frac,unet_scratch,unet_imagenet,prithvi_frozen,prithvi_lora,prithvi_full,prithvi_lora_unetdec
test,Ghana_313799,0.06108465868185091,0.406272,0.4351996990406922,0.3341754563253963,0.37518019429645877,0.38738738738738737,0.37985557768924305
test,Ghana_1078550,0.005367279052734375,0.24431057563587685,0.156121045392022,0.15820178448867536,0.08713410483321987,0.09353970390309556,0.11359159553512804
test,Ghana_97059,0.0,,,,,,
test,Ghana_359826,0.013336181640625,0.6471206941887984,0.617661943319838,0.35162731333758773,0.4906775807185084,0.47573038877386703,0.49977777777777777
test,Ghana_319168,0.2302766512842027,0.7534834128965032,0.7728465759961823,0.6221057440311606,0.7590159351411797,0.7074642466859885,0.7382785000234665
test,Ghana_866994,0.901796427568483,0.4997552534629488,0.5513792866233275,0.5542892967253802,0.5970697858161145,0.498540045687982,0.5649507909517184
test,Ghana_406026,0.016422271728515625,0.7378794743996375,0.7481900452488688,0.7831040412725709,0.7983582403704483,0.7781674704077159,0.7979710770559033
test,Ghana_53713,0.0,,,,,,
test,Ghana_83483,0.0,,,,,,
test,Ghana_167233,0.0,,,,,,
test,Ghana_141271,0.0062408447265625,0.0,0.0,0.0,0.0,0.0,0.0
test,India_900498,0.4731174997709854,0.9260826436033355,0.9060773480662984,0.7001463765891894,0.8583560386187289,0.8639760616736192,0.8488551378301655
test,India_591317,0.4634808513751326,0.9475600376036236,0.9350606450738582,0.8730523059710088,0.9212528194440871,0.9162555730729458,0.90942908245094
test,India_747992,0.44764524757046326,0.8738932446649209,0.8406830423995888,0.7647163961051576,0.7947390078961466,0.789831425920198,0.799909769376644
test,India_79637,0.019702911376953125,0.2929007992477668,0.247320692497939,0.038555576452886965,0.152487714987715,0.12283549783549784,0.09897674418604652
test,India_952728,0.03098836346679667,0.2871337150555743,0.2757402422611036,0.07041800643086817,0.2457008858780615,0.22512602812417087,0.23023865360739412
test,India_828067,0.03819353429445173,0.5724112961622013,0.564186046511628,0.05444521019986216,0.4997367589765189,0.42136926964264226,0.26935146443514646
test,India_570384,0.060115702479338846,0.6197584260773248,0.5763998422712934,0.4170366081194107,0.5395031395031396,0.5389099212787694,0.5515299877600979
test,India_44475,0.0,,0.0,,,,
test,India_80221,0.7543562614876839,0.9621618380249113,0.9537810512445837,0.921330075915329,0.9508829177926206,0.9461821019859348,0.9487402994169072
test,India_1018327,0.1398059067223108,0.7813480368856355,0.7506957800656183,0.5403419593345656,0.6096209068851145,0.6154720196951047,0.6283459403761036
test,India_592446,0.04031111408259232,0.6765231196666005,0.6716502649507948,0.26619297703635053,0.5806690227664996,0.5537678392873375,0.5471323675332407
test,India_772630,0.00865887260834857,0.6417636252296387,0.5542888165038002,0.0,0.2967927237912877,0.2822265625,0.07251381215469613
test,India_631692,0.00305938720703125,0.7510869565217392,0.7116324535679375,0.0199501246882793,0.3508424182358771,0.37236533957845436,0.3384491114701131
test,India_399883,0.5199623071963497,0.9360711958817507,0.9251834881846337,0.7360794698923363,0.8822395305787433,0.888468691018097,0.8815963826619128
test,Mekong_333434,0.01616674789423678,0.3024847870182556,0.32468145351580935,0.1522520033158331,0.1433594806599946,0.1997966446365023,0.10487225193107547
test,Mekong_45934,0.0011303793262786462,0.3826879271070615,0.30935251798561153,0.0,0.015337423312883436,0.029605263157894735,0.0
test,Mekong_1443339,0.7354340320827055,0.9444981657229444,0.9376614379731802,0.8650488939874735,0.8922682478139319,0.8886360937611324,0.8956098076618154
test,Mekong_382276,0.037419261305324844,0.9393002126425671,0.9344419878881092,0.860202492211838,0.9102710958381062,0.9160217827457724,0.9125504516625024
test,Mekong_254910,0.0006569502907613324,0.1969111969111969,0.11188811188811189,0.0,0.0,0.04861111111111111,0.0
test,Mekong_424793,0.015486272036891603,0.5929712460063897,0.5841714035854831,0.4181695600876454,0.42838827838827837,0.402029826014913,0.4143044047099869
test,Nigeria_417184,0.02343022566828624,0.0,0.015173410404624277,0.35924932975871315,0.3671628326567433,0.0,0.001445086705202312
test,Nigeria_225131,0.004687985741228161,0.6111878453038674,0.5920624593363696,0.19638242894056848,0.32771644392794885,0.33376707872478856,0.28378378378378377
test,Nigeria_812045,0.5065406057334672,0.9529209704732783,0.9412161465152633,0.9079355191588927,0.9207790000618009,0.9218780501136107,0.9205016704260943
test,Nigeria_22088,0.002825112510442586,0.4332892998678996,0.4389920424403183,0.17302452316076294,0.2619617224880383,0.0220125786163522,0.21506849315068494
test,Pakistan_849790,0.6682812481777647,0.8255880539159546,0.8369954993815547,0.6727561804408143,0.5767729433968605,0.6040414461290033,0.7402584618077014
test,Pakistan_664885,0.03263936447062046,0.5977105478331971,0.5297746144721234,0.5513318534961155,0.3584877011843304,0.5412426352437065,0.5661787605107443
test,Pakistan_694942,0.09653475690019013,0.9581002581755593,0.8819498825371965,0.8918134609510233,0.9596388455957435,0.9473144399460189,0.9614829080404429
test,Pakistan_70625,0.017803192138671875,0.29661472326706073,0.45606623859411966,0.37551290536068826,0.5804150453955902,0.6065264293419633,0.4038945778076213
test,Pakistan_528249,0.0,0.0,0.0,0.0,0.0,0.0,0.0
test,Pakistan_167553,0.005900325772444912,0.0,0.001366120218579235,0.0,0.0,0.0,0.0
test,Paraguay_913449,0.021045684814453125,0.09855855855855856,0.12488865134509175,0.2334838857842762,0.157254430759988,0.14947965941343425,0.14809252027635927
test,Paraguay_280900,0.025119973144326357,0.764050901378579,0.7189269013044548,0.2809743384121893,0.39657484782832975,0.3517394349754845,0.3831342071685419
test,Paraguay_790830,0.12230904406219013,0.9590230242688239,0.959063606961343,0.814759174663519,0.9108947498151343,0.9232904288415787,0.9197489893199783
test,Paraguay_232281,0.11244583129882812,0.5941443042473787,0.5025493435662385,0.4378067195167988,0.5436229318029183,0.5539052238051935,0.5083771120261252
test,Paraguay_271769,0.009967803955078125,0.515984874527329,0.4677524429967427,0.2063223938223938,0.30497007546187876,0.3861663399607953,0.29483889364128885
test,Paraguay_40936,0.0,,,,,,
test,Paraguay_1029191,0.19822239374333003,0.9406408753419304,0.9288014243503295,0.800306601513845,0.8836562973185365,0.8921276151025139,0.8921159475025966
test,Paraguay_59731,0.010834871859060612,0.7855353788353162,0.7033921302578019,0.4849211788896505,0.6677400468384075,0.7317151069945704,0.7551789077212806
test,Paraguay_683296,0.02854248048756058,0.6872502724300763,0.6543915576563702,0.5630872483221476,0.6664972038637519,0.6539800417730331,0.6273155760166612
test,Paraguay_34417,1.0,0.0,0.0,0.0,1.0,1.0,1.0
test,Paraguay_868895,0.08997235915994643,0.44188718404862504,0.36986023215675656,0.3808541973490427,0.4286141617879578,0.41512125534950073,0.3982057644588662
test,Paraguay_511199,0.044036865234375,0.4778749424682754,0.4614619883040936,0.2374078142162247,0.3921133951363697,0.4098705604795001,0.39322224493968516
test,Paraguay_80102,8.392365998710627e-05,0.3333333333333333,0.2,0.0,0.0,0.0,0.0
test,Paraguay_651904,0.1035919189453125,0.7500176217664059,0.7643569787773854,0.6658239404473472,0.7009495359009922,0.7186792518546898,0.7350869432061796
test,Somalia_699062,0.016190227795028763,0.6373861810391002,0.5073617190608835,0.4422180801491146,0.5506800102643059,0.5500803427959293,0.5227272727272727
test,Somalia_60129,0.0030452149193040535,0.0,0.01911764705882353,0.0,0.0,0.0,0.0
test,Somalia_685158,0.13712182090654387,0.778958212607044,0.7549804505678644,0.6504500361342882,0.6898737980769231,0.6832700393327004,0.6924039925562511
test,Somalia_166342,5.4402770914465245e-05,0.0,0.0,0.0,0.0,0.0,0.0
test,Somalia_94102,0.052593636062313556,0.872957629465522,0.871014794748906,0.847854267585454,0.8517189010078696,0.8504692682238374,0.8510835471913316
test,Somalia_322855,0.17540894904408652,0.8097555390164309,0.8052090421108339,0.5846952431161037,0.7173884551292853,0.7205791686127978,0.7257628999445164
test,Spain_6860600,0.0009390424057808366,0.39946380697050937,0.332541567695962,0.07575757575757576,0.2375886524822695,0.1037037037037037,0.0
test,Spain_7558720,0.008156986686209846,0.46536558548653106,0.4079283887468031,0.167764024229655,0.2661290322580645,0.2681818181818182,0.163671875
test,Spain_5650136,0.6072810555024593,0.9328248458552181,0.9321757605729253,0.8397607864457536,0.8782163085498517,0.8786718785101316,0.8831214183381089
test,Spain_7370579,0.26726325631093895,0.7354557387261118,0.726937517511908,0.5119377714524084,0.646453477551646,0.6442624694246517,0.6675206247813378
test,Spain_6095801,0.08675809541253597,0.6625546746856206,0.6357763644234291,0.40521794463888006,0.5042138821375588,0.49361930294906164,0.5011492651668176
test,Spain_7387658,0.5838653422728644,0.8557650968499088,0.8569006763342095,0.6849702341926517,0.7585816650834418,0.7494213239154298,0.7829476207165549
test,Sri-Lanka_117737,0.025676727294921875,0.3045465198031404,0.2683291770573566,0.09590436367535113,0.13148577707239653,0.14339575216790248,0.13883324987481221
test,Sri-Lanka_1049830,0.01354654555203356,0.37241517767516563,0.2067616652696284,0.26332986781523837,0.3650118203309693,0.2833360804351409,0.4370654519299928
test,Sri-Lanka_534068,0.9813995361328125,0.997892522530215,0.9980516431013805,0.9967079242473593,0.9976824174288421,0.9968335787923417,0.996513222634609
test,Sri-Lanka_922192,0.00429555056029827,0.46164874551971324,0.5010337698139214,0.22514409221902018,0.15551366635249764,0.43632253202712884,0.27879799666110183
test,Sri-Lanka_377277,0.033166530448594383,0.30871425354649856,0.557213396307428,0.31792389853137515,0.42880440322087454,0.41290180050811887,0.31552808740757093
test,Sri-Lanka_649970,0.06648521209100841,0.6020728142439543,0.5590356480527509,0.28686067426094175,0.3602309285619849,0.37687855876038456,0.38335802705157
test,Sri-Lanka_450918,0.04314710570385166,0.33080708661417324,0.3206492335437331,0.3207362443704719,0.3564554931836407,0.07988029465930019,0.22279100823503228
test,Sri-Lanka_849649,0.008670665927307556,0.6880451513596716,0.7055811571940604,0.4138102334823646,0.6223175965665236,0.5327533265097236,0.36724047991653624
test,Sri-Lanka_713926,0.30715288587736167,0.9827227387476141,0.9803948129995197,0.956541789541389,0.9690958676270959,0.9717638115789216,0.9713721739983326
test,USA_905409,0.16965726691059485,0.9720398735716023,0.9649671772428884,0.904196201977772,0.9328045202651309,0.9337497551526759,0.934587485740115
test,USA_430764,0.05889668379511477,0.7194780987884436,0.6894862978013963,0.36816460905349796,0.5256114443931703,0.5282775659272786,0.5341125585706195
test,USA_350244,0.004902334808484663,0.5262839879154079,0.5507859733978234,0.022857142857142857,0.348,0.3185595567867036,0.2786885245901639
test,USA_527077,0.006279398917318704,0.7399286078531362,0.71435429668747,0.30454545454545456,0.4591356439880188,0.43564356435643564,0.4479526393685249
test,USA_933610,0.01459009949356364,0.8511423955688899,0.8045778449578924,0.5335888642323986,0.6296999620205089,0.6526361466695596,0.6726886291179596
test,USA_66511,0.010402996917630542,0.4223582474226804,0.2968299711815562,0.0,0.3607753705815279,0.40442460702503397,0.024736267733721354
test,USA_519181,0.008209760917417893,0.6414721013058963,0.6306340718105424,0.21884384384384384,0.467515923566879,0.42046362909672264,0.45021475985942994
test,USA_778194,0.014644942191017666,0.8346672764692431,0.816700156284885,0.49213217938631,0.6229019022752704,0.6405040902056157,0.6459016393442623
test,USA_67102,0.03621261317633952,0.9097932972105157,0.9045256053989679,0.7542930036306545,0.8032314978178103,0.8406833531982519,0.8328090744447622
test,USA_1049586,0.008097351380022209,0.7587044534412956,0.7276205049732212,0.460655737704918,0.5640663607483233,0.5697074010327022,0.5894780447390223
test,USA_595451,0.07832193975646229,0.695858203854741,0.6984808893219363,0.4892192505669342,0.5788154707209089,0.5629287710680105,0.589855317708774
test,USA_670826,0.011482764408771154,0.1915347137637028,0.18490801371998752,0.03934010152284264,0.12590869438790345,0.1348314606741573,0.11100889297761422
test,USA_504150,0.012444396969396396,0.7013396375098503,0.7260090884790164,0.39364358683314415,0.5680793507664562,0.5667709963484612,0.5389627313004952
test,USA_758178,0.006168624324293393,0.4328602620087336,0.43315789473684213,0.1984126984126984,0.20863309352517986,0.24106666666666668,0.23600844772967264
bolivia,Bolivia_103757,0.4014896056859339,0.8131653882660783,0.8373386345907043,0.46108618719870703,0.7137882250516923,0.001694867376627779,0.7827057327485532
bolivia,Bolivia_129334,0.6586786311991725,0.8957778481366286,0.9294479660286787,0.7907755019878214,0.8954091816367266,0.9039377824229197,0.9005925027409083
bolivia,Bolivia_195474,0.005934911129393307,0.052222222222222225,0.0847457627118644,0.0,0.0,0.0,0.0
bolivia,Bolivia_23014,0.03713976102616491,0.9250182882223847,0.9253623188405797,0.7639727611460876,0.8114417650076963,0.7091259640102828,0.8888034844991033
bolivia,Bolivia_233925,6.642885137873081e-06,0.0,0.0,0.0,0.0,0.0,0.0
bolivia,Bolivia_242570,0.15581144911598968,0.5857064550651249,0.5885363357215967,0.16244541484716157,0.4708782540099921,0.4623681769777747,0.5633086279472148
bolivia,Bolivia_290290,0.09626502079332268,0.5298581795759617,0.5796009289539789,0.0,0.3195437850376957,0.40410108733429323,0.5823821927539664
bolivia,Bolivia_294583,0.11502851186461463,0.6779747481188624,0.7576723545221576,0.20045224793828145,0.6811620462644199,0.6987332246331368,0.7002894006993851
bolivia,Bolivia_312675,0.060598197559617234,0.4463413001272009,0.5107560308381,0.010861618798955613,0.33453750356497763,0.004067160287829805,0.5407166123778502
bolivia,Bolivia_314919,0.4431041330191427,0.7459110012086804,0.8181847727174243,0.5248545994065282,0.7590473424339239,0.8132329454711384,0.8195529479289564
bolivia,Bolivia_360519,0.011023609651660231,0.5610859728506787,0.46191474493361284,0.2552463503649635,0.3275806451612903,0.262,0.3565640194489465
bolivia,Bolivia_379434,0.04116058349609375,0.3990236575291025,0.4624688722874422,0.0,0.22016985138004247,0.1992097464603227,0.25453550203315606
bolivia,Bolivia_432776,0.4598474080400793,0.7550460783331664,0.7908398061798437,0.5711271102284012,0.8059419917864477,0.5438785220737308,0.7922409148057236
bolivia,Bolivia_60373,0.06270758068325134,0.49823911028730306,0.5520675207966482,0.0,0.2839722642862836,0.026871401151631478,0.47527341892534475
bolivia,Bolivia_76104,2.6182808368025554e-05,0.0,0.0,0.0,0.0,0.0,0.0
