run,model,finetune,train_fraction,seed,train_chips,trainable_params,total_params,gpu_minutes,best_epoch,val_water_iou,test_water_iou,test_miou,test_water_f1,bolivia_water_iou,bolivia_miou,bolivia_water_f1
prithvi_frozen_f0.01_s0,prithvi_frozen,frozen,0.01,0,3,1441282,305327618,7.4,123,0.6684293293853466,0.6761200786959606,0.8119379255525774,0.8067680678606144,0.6703070194254289,0.8033801561826984,0.8026153415268634
prithvi_frozen_f0.01_s1,prithvi_frozen,frozen,0.01,1,3,1441282,305327618,6.4,1270,0.6746935641249184,0.6964647564009512,0.8243238667172744,0.8210777780948432,0.7381742746357967,0.8408192403536996,0.8493673912996645
prithvi_frozen_f0.01_s2,prithvi_frozen,frozen,0.01,2,3,1441282,305327618,6.7,650,0.6809278465034082,0.6974198366120719,0.8249945132235892,0.8217411173938814,0.6951146679407549,0.8171540814278397,0.8201388154881444
prithvi_frozen_f0.02_s0,prithvi_frozen,frozen,0.02,0,5,1441282,305327618,8.3,402,0.6552047947724863,0.6834718601972687,0.8170977339152922,0.8119789541562992,0.7424266285592075,0.8445678627657212,0.8521754849133722
prithvi_frozen_f0.02_s1,prithvi_frozen,frozen,0.02,1,5,1441282,305327618,6.6,1022,0.6510352143633041,0.6849926198039555,0.8170130389723199,0.8130511810593599,0.7173470952732836,0.8303784776850573,0.8354130591860712
prithvi_frozen_f0.02_s2,prithvi_frozen,frozen,0.02,2,5,1441282,305327618,6.6,185,0.6747149184878323,0.7120990443978609,0.8320234011489973,0.8318432823473756,0.7613085487923686,0.8559843156573956,0.8644806150681044
prithvi_frozen_f0.05_s0,prithvi_frozen,frozen,0.05,0,13,1441282,305327618,9.5,1363,0.6900324075160408,0.694585042409127,0.8214680231438701,0.8197700617275152,0.6252071145633598,0.7766508152812558,0.7693876170746798
prithvi_frozen_f0.05_s1,prithvi_frozen,frozen,0.05,1,13,1441282,305327618,21.2,1084,0.6894026443054471,0.7153980652751963,0.8352720795421094,0.8340898590910176,0.7276816309316705,0.8346956427351919,0.8423793109836569
prithvi_frozen_f0.05_s2,prithvi_frozen,frozen,0.05,2,13,1441282,305327618,23.9,1332,0.7394537941576115,0.7611507628159933,0.8621427351662455,0.864378880998184,0.7122024595995528,0.827981074737922,0.8319138377667341
prithvi_frozen_f0.10_s0,prithvi_frozen,frozen,0.1,0,25,1441282,305327618,10.0,139,0.6572044786093868,0.6860276540267277,0.8162190814638781,0.8137798361590247,0.6738713193878438,0.8051253686049225,0.8051650226425854
prithvi_frozen_f0.10_s1,prithvi_frozen,frozen,0.1,1,25,1441282,305327618,23.6,449,0.7021339117155466,0.7296375024934085,0.8431226112723313,0.8436883467681277,0.7362340735145463,0.8392786720769525,0.848081586170274
prithvi_frozen_f0.10_s2,prithvi_frozen,frozen,0.1,2,25,1441282,305327618,20.3,309,0.7037904387270254,0.7090230371293683,0.8285358446051398,0.8297407603355755,0.7500849661471958,0.8485997062608162,0.8571983425450532
prithvi_frozen_f0.25_s0,prithvi_frozen,frozen,0.25,0,63,1441282,305327618,9.0,147,0.6850516896596986,0.6985306965448596,0.8242053702214969,0.8225117131716326,0.7546709197983672,0.8520472309858707,0.860185133614784
prithvi_frozen_f0.25_s1,prithvi_frozen,frozen,0.25,1,63,1441282,305327618,28.2,79,0.7269274714019403,0.7443460697414326,0.8512363060478241,0.8534385265095571,0.6887163287893528,0.8129727944729099,0.8156684660982655
prithvi_frozen_f0.25_s2,prithvi_frozen,frozen,0.25,2,63,1441282,305327618,27.1,203,0.7225286983409042,0.7313167327185782,0.8444481651164875,0.8448098708896983,0.7360333430772568,0.8397694647360661,0.8479483945539655
prithvi_frozen_f1.00_s0,prithvi_frozen,frozen,1.0,0,252,1441282,305327618,8.7,25,0.716269794812959,0.6989484229315649,0.8246987647070576,0.82280122633213,0.5269655648759128,0.7220028793906065,0.690212768378619
prithvi_frozen_f1.00_s1,prithvi_frozen,frozen,1.0,1,252,1441282,305327618,27.1,7,0.6954326473681273,0.6967443644741625,0.8224108070165213,0.8212720537782254,0.6925939686667905,0.8168908063289613,0.8183817046356696
prithvi_frozen_f1.00_s2,prithvi_frozen,frozen,1.0,2,252,1441282,305327618,30.5,24,0.7084517489332305,0.7065721631512185,0.8286199667788523,0.8280601059922592,0.597861850953624,0.7628546965521992,0.7483273358041717
prithvi_full_f1.00_s0,prithvi_full,full,1.0,0,252,305327618,305327618,9.0,19,0.7773240285546695,0.7784978715104492,0.8723770858578767,0.8754554998137656,0.6372773645058448,0.785409983853872,0.7784598728611689
prithvi_full_f1.00_s1,prithvi_full,full,1.0,1,252,305327618,305327618,9.0,24,0.7764356913820674,0.7586857545975074,0.8608014442707418,0.8627871723122476,0.7186301393085852,0.8330605870996755,0.8362824820443266
prithvi_full_f1.00_s2,prithvi_full,full,1.0,2,252,305327618,305327618,9.8,23,0.7791905247532787,0.7739963719118627,0.8695287464585094,0.872601978410717,0.7297756947328223,0.8391749776874433,0.8437807248130423
prithvi_lora_f0.01_s0,prithvi_lora,lora,0.01,0,3,2227714,306114050,10.9,1518,0.6970514764657705,0.7221133293255181,0.8394005418335417,0.8386362465568286,0.7147168547412979,0.8248993321550057,0.8336266745906903
prithvi_lora_f0.01_s1,prithvi_lora,lora,0.01,1,3,2227714,306114050,8.0,805,0.6810429971970117,0.7004442509429758,0.8266554444257819,0.8238367715431384,0.758170235363359,0.8535742552958983,0.8624537261679545
prithvi_lora_f0.01_s2,prithvi_lora,lora,0.01,2,3,2227714,306114050,7.4,340,0.6880809892211681,0.6889270436932308,0.8202929818611342,0.8158162263619534,0.709417118322486,0.8238617947554474,0.8300105465407568
prithvi_lora_f0.02_s0,prithvi_lora,lora,0.02,0,5,2227714,306114050,10.8,1394,0.6768992495272174,0.7057225644132662,0.8297746958346401,0.8274763776206716,0.7062712226711568,0.8191275163049827,0.8278534072273618
prithvi_lora_f0.02_s1,prithvi_lora,lora,0.02,1,5,2227714,306114050,8.9,929,0.664912140497237,0.6812926943833665,0.8157465894189031,0.8104391301518603,0.7521292075820798,0.8501099280584972,0.8585316702984598
prithvi_lora_f0.02_s2,prithvi_lora,lora,0.02,2,5,2227714,306114050,9.0,619,0.6817619382829053,0.7027182254158384,0.8259239877692555,0.8254075335855647,0.7296590553180291,0.8353495028095643,0.8437027552622135
prithvi_lora_f0.05_s0,prithvi_lora,lora,0.05,0,13,2227714,306114050,13.1,805,0.7040968734531995,0.7193527394019358,0.8374579110243732,0.8367715628291114,0.7409222383777437,0.8436618324370465,0.8511836106685188
prithvi_lora_f0.05_s1,prithvi_lora,lora,0.05,1,13,2227714,306114050,8.4,929,0.741911726688924,0.7518440952627582,0.8564739567705402,0.858345896527955,0.7500928410107165,0.8483674476550163,0.8572034847905803
prithvi_lora_f0.05_s2,prithvi_lora,lora,0.05,2,13,2227714,306114050,8.3,619,0.7443073154363425,0.750361285308481,0.8545181445521434,0.857378749869046,0.7315503307509053,0.8373175279961508,0.8449657139722421
prithvi_lora_f0.10_s0,prithvi_lora,lora,0.1,0,25,2227714,306114050,13.1,516,0.7253326905570318,0.7343957732208913,0.8457761199566549,0.846860658403322,0.7511800963674702,0.8488518301268166,0.8579130129741283
prithvi_lora_f0.10_s1,prithvi_lora,lora,0.1,1,25,2227714,306114050,8.5,239,0.7526160641224083,0.7399328257746383,0.8496454217127167,0.8505303363596368,0.7532526576713698,0.8515276960424276,0.8592631009290159
prithvi_lora_f0.10_s2,prithvi_lora,lora,0.1,2,25,2227714,306114050,8.4,309,0.7496143598104449,0.7511063119491083,0.8552566146513145,0.8578648901254574,0.7343588234961332,0.838760841196214,0.8468360912948882
prithvi_lora_f0.25_s0,prithvi_lora,lora,0.25,0,63,2227714,306114050,13.8,221,0.7146271456085785,0.7504512163245792,0.856106730538127,0.8574374530703016,0.7440888539654299,0.8469250764987191,0.8532694332328767
prithvi_lora_f0.25_s1,prithvi_lora,lora,0.25,1,63,2227714,306114050,8.7,171,0.7652908251828426,0.7578309448102479,0.8603281988851597,0.8622341608533387,0.7267412345309132,0.8372961456617312,0.8417488619576978
prithvi_lora_f0.25_s2,prithvi_lora,lora,0.25,2,63,2227714,306114050,8.9,183,0.7438010523757868,0.7644517453228266,0.8637111122010404,0.8665034307106669,0.7439367597091232,0.8460918979923069,0.8531694232229003
prithvi_lora_f1.00_s0,prithvi_lora,lora,1.0,0,252,2227714,306114050,13.3,40,0.7758252602327969,0.7783398544898569,0.8720216964392694,0.87535557674732,0.7248357495006909,0.8359512924211685,0.8404693023211257
prithvi_lora_f1.00_s1,prithvi_lora,lora,1.0,1,252,2227714,306114050,9.7,45,0.7721665912773551,0.755635552870108,0.8593223424692604,0.8608114043199879,0.7310581611789642,0.8398666848630183,0.8446373178831446
prithvi_lora_f1.00_s2,prithvi_lora,lora,1.0,2,252,2227714,306114050,8.3,43,0.7652072883084244,0.767992294834106,0.8667049017423087,0.8687733505152726,0.6956594380363842,0.8194894442984143,0.8205178733790733
prithvi_lora_r16_f1.00_s0,prithvi_lora_r16,lora,1.0,0,252,3014146,306900482,11.6,33,0.7605341929541791,0.7389047392044753,0.8497503964984763,0.849850739428675,0.6698708920681232,0.8041307432715613,0.802302615429739
prithvi_lora_r4_f1.00_s0,prithvi_lora_r4,lora,1.0,0,252,1834498,305720834,11.5,29,0.7627932070087939,0.7403500867143441,0.8499369736184977,0.8508059296415147,0.6776547113026521,0.8088412558292012,0.8078595753192527
prithvi_lora_unetdec_f0.05_s0,prithvi_lora_unetdec,lora,0.05,0,13,4650050,308536386,12.8,1332,0.7244837170704558,0.7596206975418675,0.8618420146044014,0.8633914099817451,0.7567496966081824,0.8547217589479315,0.8615338862095895
prithvi_lora_unetdec_f0.05_s1,prithvi_lora_unetdec,lora,0.05,1,13,4650050,308536386,12.2,1177,0.7413121750895154,0.7385103801977766,0.8488954559120163,0.849589842671819,0.7714824286048436,0.862257593390225,0.8710020671358686
prithvi_lora_unetdec_f0.05_s2,prithvi_lora_unetdec,lora,0.05,2,13,4650050,308536386,14.4,526,0.7803097717452234,0.7829731916222983,0.8746451494830307,0.8782781427127165,0.7732770967710072,0.8634664742419735,0.8721446841884797
prithvi_lora_unetdec_f1.00_s0,prithvi_lora_unetdec,lora,1.0,0,252,4650050,308536386,12.1,34,0.7781044141421937,0.7902221971198565,0.8788554273694391,0.8828202425276382,0.7719178214943309,0.8621328521711692,0.8712794827508884
prithvi_lora_unetdec_f1.00_s1,prithvi_lora_unetdec,lora,1.0,1,252,4650050,308536386,11.5,40,0.7813182034409752,0.7770745286306651,0.8717905045087535,0.8745547990375443,0.6982357810292925,0.8201401176229709,0.8223072306321271
prithvi_lora_unetdec_f1.00_s2,prithvi_lora_unetdec,lora,1.0,2,252,4650050,308536386,12.3,46,0.7770818639433436,0.7613202282129046,0.8625590259822737,0.86448814476555,0.7212473553787219,0.8330340053767409,0.8380519547349168
prithvi_lora_wide_f1.00_s0,prithvi_lora_wide,lora,1.0,0,252,4607490,308493826,15.3,31,0.7714771811694291,0.7524489745922991,0.8572754737904094,0.8587399524911743,0.6323918996844392,0.7825931352661137,0.7748040158820785
unet_imagenet_f0.01_s0,unet_imagenet,-,0.01,0,3,24445922,24445922,3.2,712,0.7512080846998713,0.8098435430315846,0.8906513223984217,0.8949321018932426,0.7666280246572822,0.8574437313101484,0.8678997660596995
unet_imagenet_f0.01_s1,unet_imagenet,-,0.01,1,3,24445922,24445922,3.4,1394,0.7591855347759681,0.7938711562570141,0.8803822369499857,0.8850927264067938,0.7903625922478559,0.8748989053261323,0.8829078485777913
unet_imagenet_f0.01_s2,unet_imagenet,-,0.01,2,3,24445922,24445922,3.2,805,0.7947725676067504,0.8240448495497315,0.8987229527218774,0.9035357324170492,0.7420483616809822,0.8434444328164903,0.8519262472885033
unet_imagenet_f0.02_s0,unet_imagenet,-,0.02,0,5,24445922,24445922,3.5,1053,0.7409426365244054,0.7918867156124796,0.8803861974896898,0.8838580125773263,0.788754078363799,0.8726962860185656,0.8819033179622819
unet_imagenet_f0.02_s1,unet_imagenet,-,0.02,1,5,24445922,24445922,3.6,743,0.8023359417215362,0.8067361203565749,0.8883603408978235,0.893031485081904,0.7613286243403585,0.8573274254029348,0.8644935576692696
unet_imagenet_f0.02_s2,unet_imagenet,-,0.02,2,5,24445922,24445922,3.7,991,0.7792923612987787,0.7644941169359646,0.8627818785141872,0.8665306498879178,0.7712120214776713,0.8608577653924823,0.8708297054513793
unet_imagenet_f0.05_s0,unet_imagenet,-,0.05,0,13,24445922,24445922,3.7,960,0.7429087767122621,0.8037143027181755,0.8870805847150371,0.8911769469333228,0.7836693953343472,0.8706013877500476,0.8787159743663697
unet_imagenet_f0.05_s1,unet_imagenet,-,0.05,1,13,24445922,24445922,5.1,588,0.7916310589600553,0.8152809144332934,0.8932800778706604,0.8982421485853757,0.7689282791384714,0.8611499192240741,0.869371910898463
unet_imagenet_f0.05_s2,unet_imagenet,-,0.05,2,13,24445922,24445922,5.1,526,0.805342509069049,0.822849720212445,0.8977492630861319,0.9028168489024377,0.7811349885998456,0.8684130051077048,0.87712048059187
unet_imagenet_f0.10_s0,unet_imagenet,-,0.1,0,25,24445922,24445922,3.7,339,0.7586825798817154,0.8218846498185304,0.8974974857390794,0.9022356600901099,0.7866706232844353,0.8711693918048229,0.880599493865634
unet_imagenet_f0.10_s1,unet_imagenet,-,0.1,1,25,24445922,24445922,5.4,339,0.7974480652595755,0.8259773478396617,0.8996266558749677,0.9046961604610118,0.7256494094084432,0.8356135625638288,0.8410160319380258
unet_imagenet_f0.10_s2,unet_imagenet,-,0.1,2,25,24445922,24445922,5.6,339,0.8042807133770077,0.8319145201553932,0.9030332007184572,0.9082460027499815,0.8075611708801517,0.8841594876479087,0.8935367542631244
unet_imagenet_f0.25_s0,unet_imagenet,-,0.25,0,63,24445922,24445922,3.9,207,0.7644219620947023,0.8026558166318672,0.8866611268672779,0.8905258665867475,0.7219004674636992,0.8342609902215341,0.8384926784148378
unet_imagenet_f0.25_s1,unet_imagenet,-,0.25,1,63,24445922,24445922,5.4,219,0.818074055869583,0.8275760888011372,0.900844013291781,0.905654318714593,0.7255100017739192,0.8366603947959564,0.8409223951504831
unet_imagenet_f0.25_s2,unet_imagenet,-,0.25,2,63,24445922,24445922,5.6,147,0.8023537475587261,0.8312601318315752,0.9027977225547381,0.907855871901904,0.7835606248951468,0.8701927677881023,0.8786475928635297
unet_imagenet_f1.00_s0,unet_imagenet,-,1.0,0,252,24445922,24445922,3.7,25,0.8113146218140542,0.8123965522269181,0.8915330086160027,0.8964887416373802,0.7887155025024695,0.872241652141664,0.8818792048249502
unet_imagenet_f1.00_s1,unet_imagenet,-,1.0,1,252,24445922,24445922,5.3,38,0.8012352341850683,0.8384239069272746,0.9071671298689887,0.9121116231877217,0.7773110551689644,0.8671372002472905,0.874704574540631
unet_imagenet_f1.00_s2,unet_imagenet,-,1.0,2,252,24445922,24445922,5.6,44,0.8209499731326138,0.836699893587936,0.9060396533222184,0.9110904797337019,0.7774888713233764,0.8672993534759217,0.8748171466688511
unet_scratch_f0.01_s0,unet_scratch,-,0.01,0,3,24445922,24445922,3.2,1239,0.7464317470992653,0.8120252148150883,0.8921143333012561,0.8962625996327023,0.7750541726910168,0.8628323280192239,0.8732738241064717
unet_scratch_f0.01_s1,unet_scratch,-,0.01,1,3,24445922,24445922,3.3,340,0.8154140165743339,0.808651569236671,0.8894361657358841,0.8942038179061286,0.6566828718533263,0.7970619346058629,0.7927683481373801
unet_scratch_f0.01_s2,unet_scratch,-,0.01,2,3,24445922,24445922,3.1,61,0.7834221993730924,0.7875655490921418,0.8771416529145264,0.881159909903305,0.7530562436719233,0.8490755905446556,0.85913529174008
unet_scratch_f0.02_s0,unet_scratch,-,0.02,0,5,24445922,24445922,3.7,1394,0.7550268099293332,0.7881848057813053,0.878292187079107,0.8815473694140091,0.7880457394281242,0.8712820236755845,0.8814603810752258
unet_scratch_f0.02_s1,unet_scratch,-,0.02,1,5,24445922,24445922,4.9,1208,0.8140376213533255,0.8311823447503938,0.9023638623010959,0.9078094785406979,0.7510014159750388,0.851733644585161,0.857796469064357
unet_scratch_f0.02_s2,unet_scratch,-,0.02,2,5,24445922,24445922,4.0,805,0.7473125412543974,0.8082675425874908,0.8897769500135321,0.8939689769921132,0.7566763443529442,0.850700477129346,0.8614863481088876
unet_scratch_f0.05_s0,unet_scratch,-,0.05,0,13,24445922,24445922,3.7,929,0.7422118210690205,0.7762469472928558,0.8707614643052908,0.8740304364502007,0.7903872970002058,0.8732641714875506,0.8829232628320138
unet_scratch_f0.05_s1,unet_scratch,-,0.05,1,13,24445922,24445922,5.0,619,0.8061320955584891,0.8075570849432409,0.888788275766127,0.8935342531310417,0.7322808490519898,0.8399546049287574,0.8454528022436301
unet_scratch_f0.05_s2,unet_scratch,-,0.05,2,13,24445922,24445922,5.1,991,0.8139620094337241,0.8372756272757473,0.9063627940880803,0.9114317033827226,0.786362637514922,0.8713417023400858,0.880406498659042
unet_scratch_f0.10_s0,unet_scratch,-,0.1,0,25,24445922,24445922,3.9,329,0.7643816944022401,0.8033244444197273,0.8861226334904329,0.8909372319612964,0.7699310849964427,0.8604911162830831,0.8700125010776791
unet_scratch_f0.10_s1,unet_scratch,-,0.1,1,25,24445922,24445922,5.2,439,0.8037071688678518,0.806018005033302,0.8878864083670687,0.8925913283111919,0.7628000828007542,0.8555349887584378,0.8654413966089789
unet_scratch_f0.10_s2,unet_scratch,-,0.1,2,25,24445922,24445922,5.1,59,0.7940231106179896,0.7997492982830319,0.8841372067520166,0.8887341131856487,0.7751911146875263,0.8631150023995592,0.8733607421463209
unet_scratch_f0.25_s0,unet_scratch,-,0.25,0,63,24445922,24445922,4.5,31,0.7754900825854026,0.7771839044506051,0.8709481377662982,0.8746240639523033,0.7576745176677664,0.8546270972387531,0.8621329035060644
unet_scratch_f0.25_s1,unet_scratch,-,0.25,1,63,24445922,24445922,5.5,167,0.8212043038451,0.836347804883978,0.9059988629540636,0.9108816997080997,0.7263078472945232,0.837420280389408,0.8414580845853141
unet_scratch_f0.25_s2,unet_scratch,-,0.25,2,63,24445922,24445922,5.4,59,0.795443331917787,0.7916108576135961,0.8797368140968129,0.8836861579059776,0.550548644152781,0.7352939240641546,0.7101339854495188
unet_scratch_f1.00_s0,unet_scratch,-,1.0,0,252,24445922,24445922,3.9,45,0.805519199754542,0.8233964577686087,0.8982347259740529,0.903145834533697,0.7498602017061341,0.8495963406880326,0.8570515530040761
unet_scratch_f1.00_s1,unet_scratch,-,1.0,1,252,24445922,24445922,5.6,29,0.8096718810990785,0.8314003882124581,0.902548072106365,0.9079395129144294,0.7896489307465211,0.8732604574484892,0.8824623837448753
unet_scratch_f1.00_s2,unet_scratch,-,1.0,2,252,24445922,24445922,5.1,24,0.8124686991012466,0.8147506579880989,0.8931676007298643,0.8979202232568546,0.7574183960820962,0.855435351788894,0.861967073715227
