model,train_fraction,seeds,trainable_params,test_iou_mean,test_iou_std,bolivia_iou_mean,bolivia_iou_std,gpu_min
prithvi_frozen,1.0,3,1441282,0.700754983518982,0.0051569518687100595,0.6058071281654424,0.08309956442760687,22.099999999999998
prithvi_full,1.0,3,305327618,0.7703933326732731,0.010385875647201405,0.6952277328490841,0.050494947715256845,9.266666666666667
prithvi_lora,1.0,3,2227714,0.7673225673980236,0.011366957778540117,0.717184449572013,0.018899052700603634,10.433333333333334
prithvi_lora_r16,1.0,1,3014146,0.7389047392044753,,0.6698708920681232,,11.6
prithvi_lora_r4,1.0,1,1834498,0.7403500867143441,,0.6776547113026521,,11.5
prithvi_lora_unetdec,1.0,3,4650050,0.776205651321142,0.01447056192788857,0.7304669859674484,0.0376963123251774,11.966666666666667
prithvi_lora_wide,1.0,1,4607490,0.7524489745922991,,0.6323918996844392,,15.3
unet_imagenet,1.0,3,24445922,0.8291734509140429,0.014554769069521193,0.7811718096649368,0.0065336345831760595,4.866666666666666
unet_scratch,1.0,3,24445922,0.8231825013230551,0.008326926933534977,0.7656425095115837,0.021130848798336106,4.866666666666666
prithvi_frozen,0.25,3,1441282,0.7247311663349567,0.023606977119701868,0.7264735305549923,0.0340006548523293,21.433333333333334
prithvi_lora,0.25,3,2227714,0.7575779688192178,0.007003691933310553,0.7382556160684888,0.009972036893751732,10.466666666666667
unet_imagenet,0.25,3,24445922,0.8204973457548599,0.015560628661705045,0.7436570313775883,0.03460462059024861,4.966666666666667
unet_scratch,0.25,3,24445922,0.8017141889827264,0.03084882100159345,0.6781770030383569,0.11163653298291262,5.133333333333334
prithvi_frozen,0.1,3,1441282,0.7082293978831681,0.0218157539008293,0.7200634530165285,0.04059860482280149,17.96666666666667
prithvi_lora,0.1,3,2227714,0.741811636981546,0.008512225021121759,0.7462638591783244,0.010362011558345666,10.0
unet_imagenet,0.1,3,24445922,0.8265921726045283,0.005043122233516702,0.7732937345243434,0.04256277753535851,4.8999999999999995
unet_scratch,0.1,3,24445922,0.8030305825786871,0.003144668053457367,0.7693074274949078,0.006219013532238575,4.733333333333333
prithvi_frozen,0.05,3,1441282,0.7237112901667722,0.03405262199001294,0.6883637350315276,0.05524011421062069,18.2
prithvi_lora,0.05,3,2227714,0.7405193733243917,0.01834582990888041,0.7408551367131219,0.009271437248822201,9.933333333333334
prithvi_lora_unetdec,0.05,3,4650050,0.7603680897873142,0.022240826115941827,0.7671697406613444,0.00906852783030622,13.133333333333333
unet_imagenet,0.05,3,24445922,0.813948312454638,0.009637059805518319,0.7779108876908881,0.007881703285358671,4.633333333333333
unet_scratch,0.05,3,24445922,0.8070265531706147,0.030517798791604718,0.769676927855706,0.0324484129567754,4.6000000000000005
prithvi_frozen,0.02,3,1441282,0.6935211747996951,0.016106865199354403,0.7403607575416199,0.022053417335498166,7.166666666666667
prithvi_lora,0.02,3,2227714,0.6965778280708236,0.013322274471179679,0.7293531618570886,0.02293052274000078,9.566666666666668
unet_imagenet,0.02,3,24445922,0.7877056509683397,0.021429131793322218,0.7737649080606096,0.013889809376912664,3.6
unet_scratch,0.02,3,24445922,0.8092115643730633,0.021514308545670158,0.7652411665853691,0.01995213296690309,4.2
prithvi_frozen,0.01,3,1441282,0.6900015572363278,0.012031194013996516,0.7011986540006602,0.034340242387469196,6.833333333333333
prithvi_lora,0.01,3,2227714,0.7038282079872417,0.016849948441316303,0.727434736142381,0.026749298790795954,8.766666666666667
unet_imagenet,0.01,3,24445922,0.8092531829461102,0.015095507129726883,0.7663463261953734,0.02415834709442758,3.266666666666667
unet_scratch,0.01,3,24445922,0.8027474443813004,0.013255671599373036,0.7282644294054221,0.06295964387185077,3.1999999999999997
